k,coerencia_cv,perplexidade
6,0.47588519312019956,1559.1519646282022
8,0.519615146994012,1565.992674689875
10,0.501688964500295,1609.5365039346557
12,0.5138449036891775,1651.0761465907708
15,0.457761014366658,1646.7661000257228
18,0.5025160416328756,1687.6540576177183
